ID,MesSiniestro,Marca,Zona,Sexo,EstadoCivil,Edad,Categoria,CostoVehiculo,Fraude,TipoConductor,Modelo,Testigo,Anio,Pago
29,Jul,Honda,Urbana,Hombre,Soltero,0,Sedan,Alto,1,1,0y,No,2022,181.750264
53,Jul,Honda,Rural,Hombre,Casado,21,Deportivo,Alto,1,4,4y,No,2022,141.3936082
54,Jul,Honda,Urbana,Hombre,Casado,50,Sedan,Bajo,1,1,5mas,No,2022,188.4473774
95,Nov,Honda,Urbana,Hombre,Soltero,34,Deportivo,Alto,1,3,5mas,No,2022,230.1408084
97,Nov,Toyota,Urbana,Hombre,Casado,38,Sedan,Bajo,1,2,5mas,No,2022,208.734001
101,Nov,Chevrolet,Urbana,Hombre,Casado,31,Carga,Alto,1,1,5mas,No,2022,86.01843062
114,Nov,Accura,Rural,Hombre,Casado,56,Carga,Alto,1,2,5mas,No,2022,54.63460296
119,Nov,Mazda,Urbana,Hombre,Soltero,68,Sedan,Bajo,1,3,5mas,No,2022,200.9679439
120,Dic,Honda,Rural,Hombre,Soltero,0,Sedan,Alto,1,3,0y,No,2022,150.9069545
148,Dic,Toyota,Rural,Hombre,Casado,39,Sedan,Medio,1,3,5mas,No,2022,106.6686458
161,Dic,Chevrolet,Urbana,Hombre,Casado,33,Sedan,Alto,1,3,5mas,No,2022,17.87626992
190,Dic,Mazda,Urbana,Hombre,Casado,43,Sedan,Medio,1,2,5mas,No,2022,150.225242
193,Dic,Chevrolet,Urbana,Hombre,Casado,26,Carga,Alto,1,2,5mas,No,2022,177.4387618
195,Dic,Honda,Urbana,Hombre,Casado,39,Deportivo,Alto,1,3,5mas,No,2022,18.87391012
205,Dic,Pontiac,Urbana,Hombre,Casado,41,Sedan,Bajo,1,3,5mas,No,2022,135.6332673
207,Dic,Pontiac,Urbana,Hombre,Casado,27,Sedan,Alto,1,4,4y,No,2022,462.5287242
229,Dic,Pontiac,Rural,Hombre,Casado,41,Sedan,Bajo,1,2,5mas,No,2022,64.49601766
233,Dic,Chevrolet,Urbana,Hombre,Casado,26,Sedan,Bajo,1,2,5mas,No,2022,392.5185568
236,Dic,Chevrolet,Urbana,Hombre,Casado,26,Sedan,Bajo,1,4,5mas,No,2022,143.7043144
298,Dic,Pontiac,Urbana,Hombre,Soltero,43,Sedan,Medio,1,4,5mas,No,2022,14.65863959
309,Dic,Pontiac,Rural,Hombre,Casado,46,Sedan,Bajo,1,1,5mas,No,2022,186.6881943
310,Dic,Honda,Urbana,Hombre,Soltero,0,Sedan,Alto,1,3,0y,No,2022,79.33714934
316,Dic,Honda,Urbana,Hombre,Soltero,0,Carga,Alto,1,1,0y,No,2022,121.9811631
318,Ene,Honda,Urbana,Hombre,Soltero,0,Sedan,Alto,1,4,0y,No,2022,107.0999308
367,Ene,Pontiac,Urbana,Hombre,Casado,50,Sedan,Bajo,1,2,5mas,No,2022,268.1907565
381,Ene,Ford,Urbana,Hombre,Casado,61,Sedan,Medio,1,2,5mas,No,2022,172.6508131
386,Ene,Honda,Urbana,Hombre,Soltero,28,Sedan,Alto,1,3,0y,No,2022,114.5281812
406,Ene,Accura,Urbana,Hombre,Casado,54,Sedan,Alto,1,4,5mas,No,2022,82.04266496
409,Nov,Pontiac,Urbana,Mujer,Casado,29,Sedan,Medio,1,2,5mas,No,2022,321.958715
450,Ene,Honda,Rural,Mujer,Soltero,31,Sedan,Bajo,1,1,5mas,No,2022,80.69555812
504,Ene,Pontiac,Rural,Hombre,Casado,74,Sedan,Bajo,1,1,5mas,No,2022,100.2008132
509,Ene,Toyota,Rural,Hombre,Soltero,36,Sedan,Bajo,1,4,5mas,No,2022,96.94045083
523,Ene,Chevrolet,Urbana,Hombre,Casado,37,Deportivo,Bajo,1,2,5mas,No,2022,110.9922422
529,Ene,Mazda,Rural,Hombre,Casado,39,Sedan,Medio,1,4,5mas,No,2022,212.5343291
534,Ene,Pontiac,Urbana,Hombre,Casado,33,Sedan,Bajo,1,3,5mas,No,2022,81.10374406
537,Ene,Chevrolet,Urbana,Hombre,Casado,33,Sedan,Bajo,1,1,5mas,No,2022,174.8445089
539,Ene,Honda,Urbana,Hombre,Casado,37,Sedan,Bajo,1,2,5mas,No,2022,227.9982752
543,Ene,Honda,Urbana,Hombre,Soltero,0,Sedan,Alto,1,4,0y,No,2022,284.3191883
557,Ene,Pontiac,Urbana,Hombre,Casado,29,Sedan,Bajo,1,3,5mas,No,2022,150.0301991
565,Ene,Toyota,Urbana,Hombre,Casado,51,Sedan,Bajo,1,1,5mas,No,2022,39.5393864
607,Ene,Pontiac,Urbana,Hombre,Soltero,22,Sedan,Bajo,1,1,5mas,No,2022,146.0349957
618,Ene,Toyota,Urbana,Hombre,Soltero,28,Sedan,Bajo,1,3,5mas,No,2022,88.5965011
647,Ene,Mazda,Urbana,Hombre,Casado,30,Sedan,Medio,1,2,5mas,No,2022,77.76918099
650,Ene,Chevrolet,Rural,Hombre,Casado,42,Deportivo,Medio,1,1,5mas,No,2022,211.4690233
664,Ago,VW,Urbana,Hombre,Casado,35,Sedan,Alto,1,4,5mas,No,2022,19.23510256
667,Ene,Chevrolet,Urbana,Hombre,Casado,78,Sedan,Medio,1,3,5mas,No,2022,191.843317
701,Ene,Mazda,Rural,Hombre,Soltero,33,Sedan,Bajo,1,1,5mas,No,2022,75.46960813
714,Ene,Toyota,Urbana,Mujer,Casado,35,Sedan,Bajo,1,4,5mas,No,2022,53.51885827
758,Ene,Dodge,Urbana,Hombre,Soltero,33,Sedan,Medio,1,2,5mas,No,2022,159.7926016
768,Ene,Toyota,Urbana,Hombre,Casado,53,Sedan,Bajo,1,4,5mas,No,2022,154.8181249
790,Ene,Pontiac,Urbana,Hombre,Casado,39,Sedan,Bajo,1,2,5mas,No,2022,51.8951131
797,Ene,Mazda,Urbana,Hombre,Casado,32,Sedan,Bajo,1,4,5mas,No,2022,259.6080675
799,Ene,Chevrolet,Urbana,Mujer,Soltero,27,Sedan,Alto,1,2,5mas,No,2022,13.23286119
814,Ene,Mazda,Urbana,Hombre,Casado,43,Sedan,Bajo,1,1,5mas,No,2022,216.0157434
824,Ene,Honda,Urbana,Hombre,Soltero,33,Sedan,Bajo,1,4,5mas,No,2022,241.1816069
828,Ene,Pontiac,Urbana,Hombre,Casado,27,Sedan,Medio,1,1,5mas,No,2022,188.251276
831,Ene,Chevrolet,Urbana,Hombre,Casado,39,Deportivo,Medio,1,3,5mas,No,2022,572.1311737
845,Ene,Honda,Urbana,Hombre,Soltero,0,Sedan,Alto,1,3,0y,No,2022,36.16269819
849,Ene,Saab,Urbana,Hombre,Casado,65,Sedan,Medio,1,3,5mas,No,2022,134.355014
882,Ene,Mazda,Urbana,Mujer,Soltero,38,Sedan,Bajo,1,4,5mas,No,2022,103.4145225
891,Ene,Pontiac,Urbana,Hombre,Casado,48,Sedan,Bajo,1,4,5mas,No,2022,149.0935822
895,Ene,Nisson,Rural,Hombre,Casado,24,Sedan,Medio,1,1,5mas,No,2022,122.8541926
901,Ene,Pontiac,Rural,Hombre,Soltero,26,Sedan,Medio,1,1,5mas,No,2022,71.51933907
906,Ene,Toyota,Urbana,Hombre,Casado,61,Sedan,Bajo,1,1,5mas,No,2022,116.7115339
911,Ene,Toyota,Urbana,Hombre,Casado,57,Sedan,Bajo,1,2,5mas,No,2022,42.51092185
937,Ene,Chevrolet,Urbana,Hombre,Casado,35,Sedan,Bajo,1,4,5mas,No,2022,68.07947234
946,Ene,Mazda,Rural,Hombre,Casado,46,Sedan,Bajo,1,3,5mas,No,2022,297.0235396
950,Ene,Pontiac,Rural,Hombre,Casado,27,Sedan,Medio,1,3,5mas,No,2022,64.45500627
955,Ene,Honda,Urbana,Hombre,Casado,43,Sedan,Bajo,1,3,5mas,No,2022,166.2334435
961,Ene,Toyota,Urbana,Hombre,Casado,35,Sedan,Bajo,1,3,5mas,No,2022,232.6594609
964,Ene,Honda,Rural,Hombre,Soltero,18,Deportivo,Alto,1,3,3y,No,2022,180.3979108
968,Feb,Pontiac,Urbana,Mujer,Casado,76,Sedan,Bajo,1,3,5mas,No,2022,183.7961208
999,Feb,Pontiac,Rural,Hombre,Casado,31,Sedan,Bajo,1,2,5mas,No,2022,80.0881084
1003,Feb,Accura,Urbana,Hombre,Casado,79,Deportivo,Medio,1,4,5mas,No,2022,83.42628902
1021,Nov,Mazda,Urbana,Hombre,Casado,43,Sedan,Medio,1,4,5mas,No,2022,64.55926453
1024,Feb,Accura,Urbana,Hombre,Casado,31,Sedan,Medio,1,1,5mas,No,2022,166.3419437
1055,Feb,Pontiac,Urbana,Hombre,Soltero,35,Sedan,Bajo,1,3,5mas,No,2022,58.22193273
1063,Feb,Chevrolet,Urbana,Hombre,Casado,43,Sedan,Medio,1,3,5mas,No,2022,85.03328489
1072,Feb,Honda,Rural,Hombre,Soltero,0,Sedan,Alto,1,3,0y,No,2022,118.2660504
1073,Feb,Honda,Urbana,Hombre,Soltero,0,Sedan,Alto,1,1,0y,No,2022,220.6500474
1080,Feb,Chevrolet,Urbana,Hombre,Casado,31,Sedan,Bajo,1,2,5mas,No,2022,253.7314738
1089,Feb,Honda,Rural,Hombre,Casado,29,Sedan,Bajo,1,1,5mas,No,2022,195.9080202
1115,Feb,Pontiac,Urbana,Hombre,Casado,40,Sedan,Medio,1,1,5mas,No,2022,226.4079911
1148,Feb,Honda,Urbana,Hombre,Casado,42,Sedan,Medio,1,3,5mas,No,2022,38.91352191
1168,Feb,Toyota,Urbana,Hombre,Casado,33,Sedan,Bajo,1,3,5mas,No,2022,132.9338578
1183,Feb,Mazda,Urbana,Hombre,Soltero,18,Deportivo,Alto,1,2,5mas,No,2022,89.11812396
1192,Feb,Toyota,Urbana,Hombre,Casado,55,Sedan,Bajo,1,4,5mas,No,2022,208.9935013
1200,Feb,Pontiac,Rural,Hombre,Soltero,30,Sedan,Medio,1,3,5mas,No,2022,98.94008675
1224,Feb,Mazda,Urbana,Hombre,Casado,57,Sedan,Bajo,1,1,5mas,No,2022,112.4132161
1232,Feb,Mazda,Urbana,Hombre,Casado,52,Sedan,Bajo,1,3,5mas,No,2022,33.73290938
1339,Feb,Honda,Urbana,Hombre,Soltero,29,Sedan,Bajo,1,3,5mas,No,2022,296.8277265
1395,Feb,Toyota,Rural,Hombre,Casado,65,Sedan,Bajo,1,3,5mas,No,2022,81.66608118
1397,Feb,Pontiac,Urbana,Hombre,Soltero,33,Sedan,Medio,1,2,5mas,No,2022,16.45847262
1419,Feb,Pontiac,Urbana,Mujer,Soltero,32,Deportivo,Bajo,1,3,5mas,No,2022,41.82268949
1425,Feb,Pontiac,Rural,Hombre,Casado,54,Sedan,Bajo,1,4,5mas,No,2022,135.3958469
1427,Feb,Toyota,Urbana,Hombre,Casado,30,Sedan,Bajo,1,3,5mas,No,2022,36.95077202
1429,Feb,Toyota,Urbana,Hombre,Soltero,31,Sedan,Bajo,1,2,5mas,No,2022,97.94885906
1437,Feb,Chevrolet,Rural,Hombre,Casado,50,Sedan,Alto,1,4,5mas,No,2022,302.9325103
1457,Feb,Honda,Urbana,Hombre,Soltero,0,Sedan,Alto,1,3,0y,No,2022,18.43413898
1482,Feb,Accura,Urbana,Hombre,Casado,62,Sedan,Medio,1,4,5mas,No,2022,359.0584592
1484,Feb,Honda,Urbana,Hombre,Casado,40,Sedan,Alto,1,1,5mas,No,2022,331.3344814
1521,Feb,Pontiac,Urbana,Hombre,Casado,32,Sedan,Bajo,1,3,5mas,No,2022,231.1264631
1556,Feb,Honda,Urbana,Hombre,Soltero,0,Sedan,Alto,1,2,0y,No,2022,60.51957304
1559,Feb,Pontiac,Urbana,Hombre,Casado,66,Sedan,Bajo,1,2,5mas,No,2022,114.9316005
1588,Feb,Pontiac,Urbana,Hombre,Soltero,22,Sedan,Medio,1,3,5mas,Si,2022,284.2033701
1599,Feb,Honda,Urbana,Hombre,Soltero,22,Deportivo,Alto,1,4,5mas,No,2022,348.2646715
1600,Feb,Pontiac,Urbana,Hombre,Casado,58,Sedan,Medio,1,4,5mas,No,2022,307.0759446
1661,Mar,Pontiac,Rural,Hombre,Casado,34,Sedan,Medio,1,4,5mas,No,2022,208.2903885
1676,Mar,Honda,Urbana,Hombre,Soltero,0,Sedan,Alto,1,4,0y,No,2022,61.37836321
1680,Mar,Toyota,Urbana,Mujer,Casado,45,Sedan,Bajo,1,1,5mas,No,2022,4.950443105
1683,Mar,Accura,Urbana,Hombre,Casado,38,Sedan,Medio,1,2,5mas,No,2022,173.5008482
1685,Mar,Chevrolet,Rural,Hombre,Soltero,30,Sedan,Alto,1,2,5mas,No,2022,40.58879949
1687,Mar,Ford,Urbana,Hombre,Soltero,32,Sedan,Medio,1,2,3y,No,2022,274.4507139
1689,Mar,Honda,Urbana,Hombre,Soltero,0,Sedan,Alto,1,4,0y,No,2022,317.3356423
1690,Mar,Toyota,Rural,Hombre,Soltero,34,Sedan,Bajo,1,4,5mas,No,2022,180.5542897
1737,Mar,Honda,Urbana,Hombre,Soltero,0,Sedan,Alto,1,1,0y,No,2022,277.4631876
1738,Mar,Toyota,Urbana,Hombre,Casado,36,Sedan,Alto,1,4,5mas,No,2022,216.2969253
1766,Mar,Honda,Urbana,Hombre,Soltero,0,Sedan,Alto,1,2,0y,No,2022,193.9714145
1778,Mar,Mazda,Urbana,Hombre,Soltero,29,Sedan,Medio,1,4,5mas,No,2022,54.27343855
1781,Mar,Mazda,Rural,Hombre,Casado,30,Sedan,Alto,1,4,5mas,No,2022,118.5404977
1790,Mar,Toyota,Urbana,Hombre,Casado,51,Sedan,Medio,1,4,5mas,No,2022,257.2270589
1812,Mar,Honda,Urbana,Hombre,Soltero,19,Deportivo,Alto,1,1,3y,No,2022,86.47732619
1856,Mar,Mazda,Urbana,Hombre,Casado,37,Sedan,Medio,1,1,5mas,No,2022,250.8753519
1862,Mar,Toyota,Urbana,Hombre,Casado,50,Deportivo,Bajo,1,3,5mas,No,2022,228.1584562
1863,Mar,Ford,Urbana,Hombre,Soltero,29,Carga,Alto,1,2,5mas,No,2022,398.6886159
1883,Mar,Honda,Urbana,Hombre,Casado,36,Sedan,Medio,1,4,5mas,No,2022,33.97023503
1889,Mar,Chevrolet,Urbana,Mujer,Casado,47,Sedan,Alto,1,3,5mas,No,2022,42.47063289
1895,Mar,Honda,Urbana,Hombre,Casado,43,Sedan,Medio,1,3,5mas,No,2022,286.3493117
1963,Mar,Toyota,Urbana,Hombre,Casado,28,Sedan,Bajo,1,1,5mas,No,2022,66.05722513
1979,Mar,Honda,Rural,Hombre,Soltero,20,Deportivo,Alto,1,4,4y,No,2022,499.4167418
1990,Feb,Chevrolet,Urbana,Hombre,Casado,40,Sedan,Medio,1,3,5mas,No,2022,147.1416397
2004,Mar,Mazda,Urbana,Mujer,Casado,44,Sedan,Bajo,1,4,5mas,No,2022,10.54793959
2028,Mar,Accura,Urbana,Hombre,Casado,65,Carga,Alto,1,1,5mas,No,2022,66.03862677
2041,Jun,Chevrolet,Rural,Hombre,Casado,41,Sedan,Alto,1,4,5mas,No,2022,158.1741349
2042,Mar,Pontiac,Urbana,Hombre,Casado,55,Sedan,Medio,1,4,5mas,No,2022,217.7404892
2066,Mar,Toyota,Urbana,Hombre,Casado,32,Sedan,Medio,1,2,5mas,No,2022,48.71877362
2104,Mar,Honda,Urbana,Hombre,Soltero,0,Sedan,Alto,1,1,0y,No,2022,108.9362671
2142,Mar,Chevrolet,Urbana,Hombre,Soltero,35,Sedan,Bajo,1,2,5mas,No,2022,94.35581115
2143,Jun,Toyota,Urbana,Hombre,Casado,42,Deportivo,Medio,1,1,5mas,No,2022,178.6491807
2144,Mar,Ford,Urbana,Hombre,Casado,55,Sedan,Medio,1,4,5mas,No,2022,151.8482795
2168,Mar,Toyota,Rural,Hombre,Casado,55,Sedan,Bajo,1,2,5mas,No,2022,147.8947123
2174,Mar,Toyota,Rural,Hombre,Casado,45,Sedan,Bajo,1,3,5mas,No,2022,142.3765544
2186,Mar,Pontiac,Urbana,Hombre,Casado,44,Sedan,Bajo,1,3,5mas,No,2022,21.73108926
2191,Mar,Ford,Urbana,Hombre,Casado,64,Sedan,Bajo,1,3,5mas,No,2022,45.908462
2203,Mar,Toyota,Urbana,Hombre,Casado,33,Sedan,Alto,1,4,5mas,No,2022,75.90498397
2205,Mar,Toyota,Urbana,Hombre,Casado,57,Sedan,Bajo,1,1,5mas,No,2022,307.5258008
2221,Mar,Pontiac,Urbana,Hombre,Casado,43,Sedan,Bajo,1,2,5mas,No,2022,92.91451752
2223,Mar,Toyota,Urbana,Hombre,Soltero,29,Sedan,Bajo,1,2,5mas,No,2022,20.76057665
2241,Mar,Toyota,Urbana,Hombre,Casado,52,Sedan,Alto,1,1,5mas,No,2022,123.4844988
2254,Mar,Honda,Urbana,Hombre,Soltero,0,Sedan,Alto,1,2,0y,No,2022,115.8725512
2272,Mar,Toyota,Urbana,Hombre,Casado,73,Sedan,Bajo,1,3,5mas,No,2022,293.2354437
2293,Mar,Chevrolet,Urbana,Hombre,Casado,52,Sedan,Medio,1,2,5mas,No,2022,44.99453774
2314,Mar,Honda,Urbana,Mujer,Casado,50,Deportivo,Alto,1,1,5mas,No,2022,85.8400704
2318,Mar,Pontiac,Urbana,Hombre,Casado,42,Sedan,Bajo,1,2,5mas,No,2022,52.93262763
2339,Mar,Chevrolet,Urbana,Hombre,Casado,32,Sedan,Bajo,1,1,5mas,No,2022,78.28385103
2340,Mar,Mazda,Urbana,Hombre,Casado,60,Sedan,Bajo,1,4,5mas,No,2022,192.0332905
2354,Mar,Chevrolet,Urbana,Hombre,Casado,40,Sedan,Medio,1,3,5mas,Si,2022,41.49555536
2362,Mar,Pontiac,Rural,Mujer,Casado,34,Sedan,Medio,1,2,5mas,No,2022,135.0109331
2384,Mar,Mazda,Urbana,Mujer,Casado,43,Sedan,Bajo,1,3,5mas,No,2022,34.0521158
2388,Mar,Ford,Urbana,Hombre,Casado,50,Sedan,Bajo,1,2,5mas,No,2022,68.39630798
2389,Mar,Toyota,Urbana,Hombre,Casado,58,Sedan,Bajo,1,2,5mas,No,2022,76.77878969
2424,Mar,Pontiac,Urbana,Mujer,Casado,32,Sedan,Bajo,1,4,5mas,No,2022,18.15496376
2434,Mar,Chevrolet,Urbana,Hombre,Casado,51,Deportivo,Alto,1,1,5mas,No,2022,164.5703082
2437,Mar,Toyota,Rural,Hombre,Soltero,28,Sedan,Bajo,1,2,5mas,No,2022,269.8206809
2459,Mar,Honda,Rural,Hombre,Casado,33,Sedan,Bajo,1,2,5mas,No,2022,327.2398191
2469,Mar,Toyota,Urbana,Hombre,Casado,61,Sedan,Medio,1,4,5mas,No,2022,346.4523001
2485,Abr,Pontiac,Rural,Hombre,Casado,26,Sedan,Bajo,1,4,5mas,No,2022,45.87546529
2501,Abr,Pontiac,Urbana,Hombre,Casado,55,Sedan,Medio,1,1,5mas,No,2022,29.69705027
2586,Abr,Ford,Urbana,Hombre,Soltero,32,Sedan,Bajo,1,1,5mas,No,2022,90.60004159
2590,Abr,Pontiac,Urbana,Hombre,Casado,33,Sedan,Bajo,1,3,5mas,No,2022,125.1215905
2628,Abr,Toyota,Urbana,Hombre,Casado,54,Sedan,Medio,1,4,5mas,No,2022,53.25213454
2642,Abr,Honda,Urbana,Hombre,Soltero,0,Sedan,Alto,1,3,0y,No,2022,209.1174887
2646,Abr,Pontiac,Urbana,Hombre,Soltero,32,Sedan,Bajo,1,2,5mas,No,2022,93.05014641
2678,Abr,Ford,Rural,Hombre,Casado,32,Sedan,Bajo,1,2,5mas,No,2022,6.68518584
2708,Abr,Pontiac,Urbana,Hombre,Casado,45,Sedan,Bajo,1,2,5mas,No,2022,157.4586851
2757,Abr,Chevrolet,Urbana,Mujer,Otro,40,Sedan,Bajo,1,2,5mas,No,2022,265.9336527
2789,Abr,Saturn,Urbana,Hombre,Soltero,25,Sedan,Bajo,1,4,5mas,No,2022,142.9314736
2790,Abr,Toyota,Urbana,Hombre,Casado,38,Sedan,Bajo,1,4,5mas,No,2022,150.0816046
2806,Abr,Ford,Urbana,Hombre,Casado,44,Sedan,Bajo,1,1,5mas,No,2022,157.9407492
2809,Abr,Accura,Rural,Hombre,Casado,55,Sedan,Medio,1,2,5mas,No,2022,179.3187142
2821,Abr,Chevrolet,Urbana,Hombre,Casado,37,Sedan,Alto,1,2,5mas,No,2022,68.93086621
2822,Abr,Pontiac,Urbana,Mujer,Casado,30,Sedan,Bajo,1,4,5mas,No,2022,54.73127021
2852,Abr,Honda,Urbana,Hombre,Casado,51,Deportivo,Alto,1,1,5mas,No,2022,219.3569681
2857,Abr,Pontiac,Urbana,Hombre,Casado,41,Sedan,Bajo,1,2,5mas,No,2022,255.4298201
2864,Abr,Pontiac,Urbana,Hombre,Casado,33,Sedan,Medio,1,2,5mas,No,2022,216.2040648
2886,Abr,Pontiac,Urbana,Mujer,Soltero,28,Sedan,Bajo,1,1,5mas,No,2022,511.4717857
2910,Abr,Toyota,Rural,Mujer,Soltero,28,Sedan,Bajo,1,1,5mas,No,2022,36.74483942
2923,Abr,Ford,Rural,Hombre,Soltero,34,Sedan,Bajo,1,4,5mas,No,2022,20.33233273
2939,Abr,Honda,Urbana,Hombre,Casado,48,Sedan,Bajo,1,4,5mas,No,2022,171.9335486
2954,Abr,Mazda,Urbana,Hombre,Casado,32,Sedan,Medio,1,2,5mas,No,2022,176.6747327
2963,Abr,Honda,Urbana,Hombre,Casado,37,Sedan,Medio,1,1,5mas,No,2022,82.20760841
2968,Abr,Honda,Urbana,Hombre,Soltero,0,Deportivo,Alto,1,4,0y,No,2022,137.1396217
2974,Abr,Honda,Urbana,Hombre,Casado,30,Deportivo,Alto,1,4,5mas,No,2022,65.67869551
3000,Abr,Pontiac,Urbana,Hombre,Casado,32,Sedan,Bajo,1,4,5mas,No,2022,221.6729422
3011,Abr,Pontiac,Urbana,Hombre,Casado,37,Sedan,Bajo,1,4,5mas,No,2022,79.03747166
3033,Abr,Chevrolet,Urbana,Hombre,Casado,29,Sedan,Medio,1,1,5mas,No,2022,255.2465008
3042,Abr,Honda,Urbana,Hombre,Soltero,0,Sedan,Alto,1,4,0y,No,2022,95.55945161
3045,Abr,Honda,Urbana,Hombre,Soltero,0,Sedan,Alto,1,2,0y,No,2022,101.4159449
3054,Abr,Pontiac,Urbana,Hombre,Soltero,25,Sedan,Bajo,1,4,3y,No,2022,36.84140001
3079,Abr,Toyota,Urbana,Hombre,Casado,34,Sedan,Bajo,1,2,5mas,No,2022,281.2961966
3088,Abr,Toyota,Rural,Mujer,Soltero,34,Sedan,Bajo,1,1,5mas,No,2022,61.57052882
3096,Abr,Pontiac,Urbana,Mujer,Casado,27,Sedan,Bajo,1,1,5mas,No,2022,162.5318549
3098,Abr,Pontiac,Urbana,Hombre,Soltero,30,Sedan,Bajo,1,1,5mas,No,2022,93.8577332
3118,Abr,Accura,Urbana,Hombre,Casado,51,Sedan,Bajo,1,4,5mas,No,2022,213.7172974
3130,Abr,Honda,Urbana,Hombre,Soltero,0,Sedan,Alto,1,3,0y,No,2022,81.67481288
3132,Abr,Toyota,Urbana,Hombre,Casado,36,Deportivo,Medio,1,3,5mas,No,2022,226.5159533
3141,Abr,Mazda,Rural,Hombre,Casado,36,Sedan,Bajo,1,4,5mas,No,2022,163.2426944
3143,Abr,Toyota,Urbana,Mujer,Soltero,35,Sedan,Bajo,1,3,5mas,No,2022,145.2736815
3173,Abr,Honda,Urbana,Hombre,Soltero,0,Sedan,Alto,1,1,0y,No,2022,284.4363604
3187,Abr,Pontiac,Urbana,Hombre,Casado,40,Sedan,Alto,1,2,5mas,No,2022,84.47339141
3192,Abr,Toyota,Urbana,Hombre,Soltero,45,Sedan,Medio,1,4,5mas,No,2022,86.47964945
3193,Abr,Toyota,Urbana,Hombre,Casado,63,Sedan,Medio,1,3,5mas,No,2022,10.27737506
3210,Abr,Pontiac,Urbana,Hombre,Casado,49,Sedan,Bajo,1,2,5mas,No,2022,9.631848356
3251,May,Honda,Urbana,Hombre,Soltero,0,Sedan,Alto,1,4,0y,No,2022,69.44001912
3259,May,Honda,Urbana,Hombre,Soltero,0,Sedan,Alto,1,2,0y,No,2022,335.9829436
3265,May,Mazda,Urbana,Hombre,Casado,40,Sedan,Medio,1,1,5mas,No,2022,64.90502048
3268,May,Pontiac,Rural,Hombre,Soltero,36,Sedan,Bajo,1,3,5mas,No,2022,90.45271449
3276,May,Chevrolet,Urbana,Hombre,Casado,31,Sedan,Bajo,1,4,5mas,No,2022,124.559174
3298,May,Toyota,Urbana,Hombre,Casado,46,Sedan,Bajo,1,1,5mas,No,2022,98.63545819
3335,May,Honda,Urbana,Hombre,Soltero,20,Deportivo,Alto,1,2,3y,No,2022,244.6611261
3407,May,Pontiac,Urbana,Hombre,Soltero,39,Sedan,Bajo,1,1,5mas,No,2022,204.903124
3408,May,Toyota,Urbana,Hombre,Casado,51,Sedan,Bajo,1,1,5mas,No,2022,46.77481736
3422,May,Pontiac,Urbana,Hombre,Soltero,33,Sedan,Bajo,1,2,5mas,No,2022,72.45337875
3423,May,Honda,Urbana,Hombre,Otro,30,Sedan,Medio,1,1,5mas,No,2022,190.3849547
3444,May,Mazda,Urbana,Hombre,Soltero,26,Sedan,Bajo,1,3,5mas,No,2022,81.97187316
3457,May,Mazda,Rural,Hombre,Soltero,29,Sedan,Bajo,1,1,5mas,No,2022,61.15723659
3461,May,Mazda,Urbana,Hombre,Soltero,21,Sedan,Medio,1,1,5mas,No,2022,239.1705869
3463,May,Mazda,Urbana,Hombre,Casado,28,Sedan,Medio,1,4,5mas,No,2022,36.79018033
3493,May,Honda,Urbana,Hombre,Casado,48,Sedan,Bajo,1,3,5mas,No,2022,105.998972
3502,May,Accura,Rural,Hombre,Casado,35,Sedan,Alto,1,4,5mas,No,2022,229.1201687
3520,May,Mazda,Urbana,Hombre,Casado,33,Deportivo,Alto,1,4,5mas,No,2022,341.5908095
3550,May,Pontiac,Urbana,Hombre,Casado,37,Sedan,Bajo,1,1,5mas,No,2022,214.9771053
3556,May,Toyota,Urbana,Hombre,Casado,48,Sedan,Bajo,1,1,5mas,No,2022,316.9060974
3557,May,Toyota,Rural,Mujer,Soltero,41,Sedan,Bajo,1,2,5mas,No,2022,248.193189
3570,May,Accura,Rural,Hombre,Casado,72,Sedan,Bajo,1,2,5mas,No,2022,218.8179136
3580,May,Mazda,Urbana,Hombre,Casado,38,Sedan,Bajo,1,1,5mas,No,2022,156.109043
3586,May,Accura,Urbana,Hombre,Casado,60,Carga,Alto,1,1,5mas,No,2022,322.0206071
3589,May,Pontiac,Rural,Hombre,Soltero,27,Sedan,Bajo,1,4,5mas,No,2022,226.5746758
3599,May,Toyota,Urbana,Hombre,Casado,39,Sedan,Bajo,1,3,5mas,No,2022,184.8396943
3614,May,Pontiac,Urbana,Hombre,Casado,50,Sedan,Bajo,1,1,5mas,No,2022,19.32514195
3650,May,Pontiac,Rural,Hombre,Soltero,31,Sedan,Medio,1,1,5mas,No,2022,412.1682607
3676,May,Pontiac,Urbana,Hombre,Casado,27,Sedan,Bajo,1,4,5mas,No,2022,76.70509336
3684,May,Saab,Urbana,Hombre,Casado,50,Sedan,Medio,1,1,5mas,No,2022,91.67946193
3694,May,Pontiac,Urbana,Hombre,Soltero,25,Sedan,Bajo,1,2,5mas,No,2022,215.5805708
3725,May,Chevrolet,Urbana,Hombre,Soltero,30,Sedan,Bajo,1,3,5mas,No,2022,312.0542411
3726,May,Pontiac,Urbana,Hombre,Soltero,66,Sedan,Bajo,1,4,5mas,No,2022,37.49170647
3741,May,Honda,Urbana,Hombre,Casado,40,Sedan,Medio,1,1,5mas,No,2022,44.31130542
3773,May,Honda,Urbana,Hombre,Casado,42,Sedan,Medio,1,1,5mas,No,2022,222.5755807
3778,May,Toyota,Urbana,Hombre,Casado,55,Sedan,Alto,1,4,5mas,No,2022,117.6758782
3786,May,Mazda,Rural,Hombre,Casado,67,Sedan,Medio,1,2,5mas,No,2022,176.0760901
3801,May,Chevrolet,Urbana,Hombre,Soltero,26,Sedan,Bajo,1,1,5mas,No,2022,98.52102276
3820,May,Mazda,Urbana,Hombre,Soltero,34,Sedan,Bajo,1,1,5mas,No,2022,364.0535632
3834,May,Pontiac,Urbana,Hombre,Soltero,66,Sedan,Bajo,1,1,5mas,No,2022,55.40104575
3857,May,Honda,Urbana,Hombre,Soltero,0,Sedan,Alto,1,1,0y,No,2022,314.2125978
3885,May,Toyota,Urbana,Hombre,Casado,65,Sedan,Bajo,1,2,5mas,No,2022,210.5095292
3927,May,Mazda,Urbana,Hombre,Soltero,32,Sedan,Bajo,1,1,5mas,No,2022,19.07953804
3940,May,Accura,Urbana,Hombre,Casado,45,Deportivo,Medio,1,1,5mas,No,2022,274.1973709
3947,May,Mazda,Urbana,Hombre,Casado,40,Sedan,Medio,1,2,5mas,No,2022,135.6260787
3979,May,Pontiac,Urbana,Hombre,Casado,26,Sedan,Alto,1,3,5mas,No,2022,44.91652908
3995,May,Toyota,Urbana,Mujer,Soltero,22,Sedan,Bajo,1,2,5mas,No,2022,70.56788274
4030,May,Pontiac,Urbana,Hombre,Casado,40,Sedan,Medio,1,1,5mas,No,2022,68.01100218
4088,May,Honda,Rural,Hombre,Casado,35,Sedan,Bajo,1,3,5mas,No,2022,128.9957704
4089,May,Toyota,Urbana,Hombre,Soltero,34,Sedan,Bajo,1,4,5mas,No,2022,392.860382
4095,May,Chevrolet,Urbana,Hombre,Casado,37,Carga,Alto,1,4,5mas,No,2022,80.97546002
4103,May,Chevrolet,Urbana,Hombre,Soltero,39,Sedan,Medio,1,4,5mas,No,2022,97.18923924
4146,Jun,Accura,Urbana,Hombre,Casado,43,Sedan,Medio,1,3,5mas,No,2022,21.40025681
4159,Jun,Honda,Urbana,Hombre,Casado,30,Sedan,Alto,1,4,5mas,No,2022,273.981783
4165,Jun,Ford,Rural,Hombre,Casado,67,Sedan,Medio,1,3,5mas,No,2022,122.7483186
4173,Jun,Toyota,Urbana,Hombre,Casado,37,Sedan,Alto,1,2,5mas,No,2022,191.1692071
4176,Jun,Mazda,Urbana,Hombre,Soltero,32,Sedan,Bajo,1,4,5mas,No,2022,165.4409789
4203,Jun,Mazda,Urbana,Hombre,Casado,53,Sedan,Alto,1,1,5mas,No,2022,215.8189263
4223,Jun,Honda,Urbana,Hombre,Soltero,0,Sedan,Alto,1,4,0y,No,2022,151.3513318
4229,Jun,Accura,Urbana,Hombre,Casado,80,Carga,Alto,1,1,5mas,No,2022,87.59309881
4267,Jun,Mazda,Urbana,Hombre,Soltero,26,Deportivo,Medio,1,2,5mas,No,2022,120.8564946
4276,Jun,Mazda,Rural,Hombre,Casado,41,Sedan,Bajo,1,2,5mas,No,2022,50.02985134
4288,Jun,Toyota,Rural,Mujer,Soltero,28,Sedan,Bajo,1,4,5mas,No,2022,95.6813711
4309,Jun,Pontiac,Urbana,Hombre,Casado,43,Sedan,Bajo,1,1,5mas,No,2022,70.19158103
4315,Jun,Pontiac,Urbana,Hombre,Casado,31,Sedan,Bajo,1,3,5mas,No,2022,296.2753922
4317,Jun,Pontiac,Rural,Hombre,Casado,30,Sedan,Medio,1,3,5mas,No,2022,37.89148775
4335,Jun,Toyota,Urbana,Hombre,Casado,40,Sedan,Bajo,1,3,5mas,No,2022,182.1493148
4338,Jun,Pontiac,Urbana,Hombre,Casado,61,Sedan,Bajo,1,1,5mas,No,2022,438.5788103
4348,Jun,Mazda,Urbana,Hombre,Soltero,32,Sedan,Bajo,1,1,5mas,No,2022,132.1863735
4356,Jun,Honda,Urbana,Hombre,Casado,30,Sedan,Medio,1,3,5mas,No,2022,262.7059285
4361,Jun,Toyota,Rural,Hombre,Casado,63,Sedan,Bajo,1,2,5mas,No,2022,223.0284689
4376,Jun,Pontiac,Urbana,Mujer,Casado,45,Sedan,Bajo,1,1,5mas,No,2022,32.2397644
4378,Jun,Accura,Rural,Mujer,Casado,52,Sedan,Bajo,1,2,5mas,No,2022,91.13633488
4396,Jun,Pontiac,Urbana,Hombre,Soltero,34,Sedan,Bajo,1,4,5mas,No,2022,106.0856534
4398,Jun,Toyota,Urbana,Hombre,Soltero,35,Sedan,Bajo,1,1,5mas,No,2022,142.9734079
4449,Jun,Accura,Urbana,Hombre,Casado,29,Sedan,Medio,1,4,5mas,No,2022,226.2130652
4463,Jun,Toyota,Urbana,Hombre,Casado,54,Sedan,Bajo,1,1,5mas,No,2022,195.2440999
4468,Jun,Pontiac,Urbana,Hombre,Casado,37,Sedan,Bajo,1,3,5mas,No,2022,75.36006024
4469,Jun,VW,Urbana,Hombre,Casado,64,Sedan,Alto,1,1,5mas,No,2022,126.6239497
4542,Jun,Honda,Urbana,Hombre,Casado,55,Sedan,Medio,1,3,5mas,No,2022,146.4600569
4546,Jun,Honda,Rural,Hombre,Soltero,20,Sedan,Bajo,1,2,4y,No,2022,159.2977008
4551,Jun,Accura,Urbana,Hombre,Casado,51,Carga,Alto,1,4,5mas,No,2022,187.230141
4554,Jun,Mazda,Urbana,Hombre,Casado,41,Sedan,Alto,1,2,5mas,No,2022,184.3093286
4562,Jun,Mazda,Urbana,Hombre,Casado,35,Deportivo,Alto,1,3,3y,No,2022,208.66961
4579,Jun,Mazda,Urbana,Mujer,Casado,28,Sedan,Bajo,1,2,4y,No,2022,127.8570002
4590,Jun,Pontiac,Urbana,Hombre,Casado,40,Sedan,Bajo,1,3,5mas,No,2022,523.2852218
4597,Jun,Accura,Urbana,Hombre,Casado,44,Sedan,Bajo,1,3,5mas,No,2022,18.45311753
4605,Jun,Saturn,Urbana,Hombre,Casado,44,Sedan,Medio,1,2,5mas,No,2022,243.1428325
4606,Jun,Ford,Urbana,Hombre,Soltero,26,Deportivo,Bajo,1,1,5mas,No,2022,263.8520883
4650,Jun,Toyota,Urbana,Mujer,Casado,34,Sedan,Bajo,1,4,5mas,No,2022,74.77061433
4656,Jun,Honda,Urbana,Hombre,Soltero,0,Sedan,Alto,1,4,0y,No,2022,292.1938583
4661,Jun,Toyota,Urbana,Hombre,Soltero,26,Sedan,Bajo,1,1,5mas,No,2022,102.1941135
4667,Jun,Pontiac,Urbana,Hombre,Casado,39,Sedan,Bajo,1,4,5mas,No,2022,370.660806
4717,Jun,Honda,Urbana,Mujer,Casado,40,Deportivo,Alto,1,2,5mas,No,2022,138.700217
4727,Jun,Toyota,Urbana,Hombre,Casado,41,Sedan,Bajo,1,4,5mas,No,2022,88.45863091
4733,Jun,Honda,Urbana,Hombre,Casado,28,Sedan,Medio,1,3,5mas,No,2022,101.1882003
4776,Jun,Mazda,Urbana,Mujer,Casado,49,Sedan,Bajo,1,3,5mas,No,2022,113.5491258
4795,Dic,Chevrolet,Urbana,Hombre,Casado,32,Sedan,Bajo,1,4,5mas,No,2022,80.48282327
4812,Jul,Mazda,Urbana,Hombre,Casado,47,Sedan,Medio,1,1,5mas,No,2022,161.0071894
4818,Jul,Chevrolet,Urbana,Hombre,Casado,50,Sedan,Medio,1,1,5mas,No,2022,178.7955986
4832,Jul,Toyota,Urbana,Hombre,Casado,40,Sedan,Alto,1,1,5mas,No,2022,192.8339353
4846,Jul,Ford,Urbana,Hombre,Casado,43,Sedan,Bajo,1,2,5mas,No,2022,47.54314589
4897,Dic,Pontiac,Urbana,Hombre,Casado,41,Sedan,Bajo,1,1,5mas,No,2022,348.8270013
4899,Jul,Honda,Urbana,Hombre,Casado,29,Sedan,Bajo,1,2,5mas,No,2022,181.7338605
4910,Jul,Honda,Urbana,Hombre,Casado,35,Sedan,Bajo,1,4,5mas,No,2022,13.03747582
4944,Jul,Chevrolet,Urbana,Hombre,Casado,40,Carga,Alto,1,1,5mas,No,2022,310.5971574
4969,Jul,Pontiac,Urbana,Hombre,Casado,39,Sedan,Bajo,1,3,5mas,Si,2022,105.4803926
5019,Jul,Honda,Urbana,Hombre,Casado,46,Deportivo,Alto,1,1,5mas,No,2022,219.235434
5050,Nov,Toyota,Urbana,Hombre,Casado,40,Sedan,Bajo,1,4,5mas,No,2022,248.4434102
5061,Jul,Honda,Urbana,Hombre,Soltero,0,Sedan,Alto,1,4,0y,No,2022,54.77984798
5080,Jul,Toyota,Rural,Hombre,Casado,48,Sedan,Bajo,1,4,5mas,No,2022,132.6853063
5084,Jul,Mercury,Urbana,Hombre,Soltero,31,Sedan,Bajo,1,3,5mas,No,2022,20.31896402
5093,Jul,Pontiac,Rural,Hombre,Casado,52,Sedan,Bajo,1,1,5mas,No,2022,176.9890807
5102,Jul,Mazda,Urbana,Hombre,Soltero,26,Sedan,Bajo,1,3,5mas,No,2022,121.8320983
5113,Jul,Toyota,Urbana,Mujer,Soltero,27,Sedan,Bajo,1,4,5mas,No,2022,54.72623262
5167,Jul,Chevrolet,Urbana,Hombre,Casado,61,Sedan,Medio,1,1,5mas,No,2022,40.86490956
5178,Jul,Toyota,Urbana,Hombre,Casado,37,Sedan,Bajo,1,2,5mas,No,2022,16.87433839
5181,Jul,Pontiac,Urbana,Hombre,Casado,28,Sedan,Medio,1,2,5mas,No,2022,40.83586055
5220,Jul,Accura,Urbana,Hombre,Casado,36,Carga,Alto,1,2,5mas,No,2022,98.82601142
5229,Jul,Toyota,Rural,Hombre,Soltero,33,Sedan,Bajo,1,3,5mas,No,2022,135.0545146
5233,Jul,Mercury,Urbana,Hombre,Casado,36,Sedan,Bajo,1,2,5mas,No,2022,107.4458895
5269,Jul,Pontiac,Rural,Hombre,Casado,35,Sedan,Bajo,1,3,5mas,No,2022,82.35953549
5274,Jul,Accura,Urbana,Hombre,Casado,55,Sedan,Medio,1,1,5mas,No,2022,139.8307368
5290,Jul,Accura,Urbana,Hombre,Casado,51,Sedan,Bajo,1,2,5mas,No,2022,52.09062986
5295,Jul,Honda,Urbana,Hombre,Casado,19,Deportivo,Alto,1,4,2y,No,2022,106.464128
5303,Jul,Honda,Urbana,Hombre,Soltero,44,Sedan,Medio,1,4,5mas,No,2022,196.3011029
5305,Ene,Chevrolet,Rural,Hombre,Casado,42,Sedan,Bajo,1,4,5mas,No,2022,73.95220056
5331,Jul,Saturn,Urbana,Hombre,Casado,44,Sedan,Bajo,1,2,5mas,No,2022,233.81227
5356,Ene,Honda,Urbana,Mujer,Casado,43,Deportivo,Alto,1,2,4y,No,2022,41.70747307
5361,Jul,Pontiac,Urbana,Hombre,Casado,32,Sedan,Medio,1,3,5mas,No,2022,80.90480832
5363,Jul,Honda,Urbana,Mujer,Casado,54,Sedan,Bajo,1,4,5mas,No,2022,101.9921953
5412,Ago,Honda,Urbana,Hombre,Soltero,34,Sedan,Bajo,1,2,5mas,No,2022,42.52185104
5435,Ago,Pontiac,Rural,Hombre,Soltero,48,Sedan,Bajo,1,4,5mas,No,2022,196.6621128
5451,Ago,Accura,Urbana,Hombre,Casado,28,Carga,Alto,1,2,5mas,No,2022,258.2619095
5458,Ago,Saab,Urbana,Hombre,Soltero,26,Sedan,Medio,1,3,5mas,No,2022,154.7829296
5474,Ago,Pontiac,Rural,Hombre,Casado,37,Sedan,Bajo,1,2,5mas,No,2022,103.7449166
5479,Ago,VW,Urbana,Hombre,Soltero,27,Sedan,Medio,1,2,5mas,No,2022,51.92624071
5484,Ago,Chevrolet,Urbana,Hombre,Soltero,32,Sedan,Alto,1,1,5mas,No,2022,221.0715183
5495,Ago,Toyota,Urbana,Hombre,Casado,38,Sedan,Bajo,1,1,5mas,No,2022,422.485327
5498,Ago,Pontiac,Urbana,Hombre,Casado,40,Sedan,Bajo,1,4,5mas,No,2022,24.25461744
5506,Ago,Mazda,Urbana,Mujer,Casado,53,Sedan,Bajo,1,1,5mas,No,2022,210.0883451
5513,Ago,Chevrolet,Rural,Hombre,Soltero,47,Carga,Alto,1,3,5mas,No,2022,105.8310226
5519,Ago,Toyota,Urbana,Hombre,Casado,26,Sedan,Bajo,1,3,5mas,No,2022,89.52115856
5540,Ago,Chevrolet,Urbana,Hombre,Casado,38,Carga,Alto,1,1,5mas,No,2022,127.928263
5542,Ago,Toyota,Rural,Hombre,Casado,36,Deportivo,Bajo,1,2,5mas,No,2022,74.89898804
5549,Ago,Pontiac,Urbana,Mujer,Casado,35,Sedan,Bajo,1,4,5mas,No,2022,24.77213028
5555,Ago,Ford,Urbana,Mujer,Casado,51,Sedan,Medio,1,3,5mas,No,2022,51.51542006
5570,Ago,Chevrolet,Urbana,Hombre,Soltero,27,Sedan,Alto,1,1,5mas,No,2022,35.70869146
5588,Ago,Accura,Urbana,Hombre,Casado,34,Sedan,Alto,1,2,5mas,No,2022,101.8581865
5592,Ago,Toyota,Urbana,Hombre,Casado,38,Sedan,Alto,1,1,5mas,No,2022,215.9738296
5639,Ago,Toyota,Urbana,Hombre,Casado,31,Sedan,Bajo,1,2,5mas,No,2022,96.97710006
5675,Ago,Accura,Rural,Hombre,Casado,35,Sedan,Medio,1,1,5mas,No,2022,18.32251747
5682,Ago,Mazda,Rural,Hombre,Casado,46,Sedan,Medio,1,2,5mas,No,2022,262.7003619
5685,Ago,Toyota,Urbana,Hombre,Soltero,32,Sedan,Bajo,1,3,5mas,No,2022,88.41625873
5689,Ago,Toyota,Rural,Hombre,Casado,35,Sedan,Bajo,1,3,5mas,No,2022,200.7492733
5692,Ago,Chevrolet,Urbana,Hombre,Casado,45,Sedan,Medio,1,1,5mas,No,2022,110.4853457
5698,Ago,Toyota,Urbana,Hombre,Casado,35,Sedan,Medio,1,1,5mas,No,2022,55.94957701
5699,Ago,Pontiac,Urbana,Hombre,Soltero,22,Sedan,Bajo,1,4,5mas,No,2022,502.4698761
5728,Ago,Toyota,Urbana,Hombre,Casado,44,Sedan,Bajo,1,3,5mas,No,2022,27.67252533
5744,Ago,Mazda,Urbana,Mujer,Casado,32,Sedan,Bajo,1,3,4y,No,2022,106.310568
5762,Ago,Pontiac,Urbana,Hombre,Casado,35,Sedan,Bajo,1,4,5mas,No,2022,80.64196218
5767,Ago,Accura,Urbana,Hombre,Casado,36,Sedan,Medio,1,3,5mas,No,2022,76.11505508
5776,Ago,Pontiac,Urbana,Hombre,Casado,32,Sedan,Bajo,1,2,5mas,No,2022,67.611848
5778,Ago,Accura,Rural,Hombre,Casado,32,Sedan,Alto,1,4,5mas,No,2022,201.2350018
5781,Ago,Toyota,Urbana,Hombre,Soltero,31,Sedan,Bajo,1,1,5mas,No,2022,237.812894
5799,Ago,Accura,Urbana,Hombre,Soltero,24,Deportivo,Medio,1,2,5mas,No,2022,73.08595851
5839,Ago,Saab,Urbana,Hombre,Soltero,39,Sedan,Medio,1,2,5mas,No,2022,153.337603
5845,Ago,Pontiac,Urbana,Hombre,Casado,41,Sedan,Bajo,1,4,5mas,No,2022,48.91875291
5857,Ago,Mazda,Urbana,Hombre,Casado,30,Sedan,Bajo,1,1,5mas,No,2022,51.39356209
5864,Ago,Toyota,Urbana,Hombre,Casado,72,Sedan,Alto,1,1,5mas,No,2022,91.94854866
5866,Oct,Toyota,Urbana,Hombre,Casado,34,Sedan,Bajo,1,2,5mas,No,2022,66.85601864
5897,Ago,Honda,Urbana,Hombre,Soltero,58,Sedan,Bajo,1,1,5mas,No,2022,177.2855515
5900,Ago,Chevrolet,Urbana,Hombre,Casado,38,Sedan,Medio,1,2,5mas,No,2022,69.87520477
5909,Ago,Chevrolet,Urbana,Hombre,Casado,32,Sedan,Bajo,1,2,5mas,No,2022,136.1277819
5915,Ago,Pontiac,Urbana,Hombre,Casado,40,Sedan,Medio,1,1,5mas,No,2022,216.2645113
5916,Ago,Ford,Urbana,Hombre,Casado,62,Sedan,Bajo,1,3,5mas,No,2022,256.8183109
5930,Ago,Honda,Urbana,Hombre,Casado,35,Sedan,Bajo,1,3,5mas,No,2022,462.4834134
5941,Ago,Ford,Urbana,Hombre,Casado,46,Sedan,Medio,1,1,5mas,No,2022,307.8140681
5968,Ago,Honda,Urbana,Hombre,Soltero,35,Sedan,Bajo,1,4,5mas,No,2022,35.88429089
5978,Ago,Ford,Rural,Hombre,Soltero,30,Sedan,Alto,1,3,5mas,No,2022,28.46337168
5980,Ago,Honda,Urbana,Hombre,Soltero,19,Deportivo,Alto,1,1,5mas,No,2022,142.3038606
5983,Ago,Toyota,Urbana,Mujer,Casado,32,Sedan,Bajo,1,4,5mas,No,2022,131.1441701
5988,Ago,Mercury,Urbana,Hombre,Casado,46,Carga,Medio,1,3,5mas,No,2022,384.506978
6031,Ago,Chevrolet,Urbana,Hombre,Casado,57,Sedan,Medio,1,1,5mas,No,2022,215.4513092
6032,Ago,Pontiac,Urbana,Hombre,Casado,52,Sedan,Bajo,1,3,5mas,No,2022,271.051096
6035,Ago,Toyota,Rural,Hombre,Soltero,42,Sedan,Bajo,1,4,5mas,No,2022,229.5348579
6045,Ago,Toyota,Urbana,Hombre,Casado,27,Sedan,Bajo,1,4,5mas,No,2022,234.2873628
6073,Sep,Honda,Urbana,Hombre,Casado,31,Sedan,Medio,1,1,5mas,No,2022,81.70310199
6088,Sep,Toyota,Urbana,Hombre,Casado,33,Sedan,Bajo,1,4,5mas,No,2022,301.9230047
6089,Sep,Mazda,Urbana,Hombre,Casado,41,Sedan,Bajo,1,3,5mas,No,2022,121.7506099
6094,Sep,Toyota,Urbana,Mujer,Soltero,45,Sedan,Bajo,1,3,5mas,No,2022,35.03501491
6106,Sep,Accura,Urbana,Hombre,Casado,39,Sedan,Medio,1,4,5mas,No,2022,274.1057441
6107,Sep,Pontiac,Urbana,Mujer,Casado,33,Sedan,Bajo,1,4,5mas,No,2022,139.8719396
6110,Sep,Mazda,Urbana,Hombre,Soltero,22,Sedan,Bajo,1,3,5mas,No,2022,74.81762725
6119,Sep,Toyota,Urbana,Hombre,Casado,31,Sedan,Bajo,1,3,5mas,No,2022,15.76589414
6129,Sep,Mazda,Urbana,Hombre,Soltero,31,Sedan,Bajo,1,3,5mas,No,2022,16.46559451
6146,Sep,Mazda,Urbana,Hombre,Casado,42,Sedan,Bajo,1,1,5mas,No,2023,124.6172127
6149,Sep,Pontiac,Urbana,Hombre,Soltero,21,Sedan,Bajo,1,4,5mas,No,2023,135.9899932
6150,Sep,Honda,Rural,Hombre,Soltero,18,Deportivo,Alto,1,4,5mas,No,2023,210.0325679
6157,Sep,Saab,Urbana,Hombre,Soltero,35,Sedan,Medio,1,2,5mas,No,2023,124.1031451
6172,Jun,Toyota,Urbana,Hombre,Casado,39,Sedan,Bajo,1,2,5mas,No,2023,186.8002787
6178,Sep,Honda,Rural,Hombre,Soltero,17,Deportivo,Alto,1,3,3y,No,2023,97.89632535
6184,Sep,Toyota,Urbana,Hombre,Casado,40,Sedan,Bajo,1,1,5mas,No,2023,52.46271511
6185,Sep,Honda,Urbana,Hombre,Casado,53,Sedan,Bajo,1,4,5mas,No,2023,215.7365179
6208,Sep,Accura,Urbana,Hombre,Casado,28,Carga,Alto,1,4,5mas,No,2023,119.7184443
6269,Sep,Pontiac,Rural,Hombre,Soltero,31,Sedan,Bajo,1,4,5mas,No,2023,122.710453
6279,Sep,Accura,Urbana,Hombre,Casado,72,Sedan,Bajo,1,1,5mas,No,2023,87.9261104
6294,Sep,Mazda,Urbana,Hombre,Casado,50,Sedan,Medio,1,3,5mas,No,2023,130.7698041
6301,Sep,Toyota,Urbana,Hombre,Casado,37,Deportivo,Bajo,1,1,5mas,No,2023,77.3590315
6331,Sep,Toyota,Urbana,Hombre,Soltero,35,Sedan,Bajo,1,4,5mas,No,2023,248.0959672
6332,Sep,Mazda,Rural,Hombre,Casado,27,Sedan,Bajo,1,3,5mas,No,2023,274.1478245
6361,Sep,Mercury,Urbana,Hombre,Casado,43,Sedan,Bajo,1,3,5mas,No,2023,50.14584869
6387,Sep,Chevrolet,Urbana,Hombre,Casado,66,Carga,Alto,1,3,5mas,No,2023,44.33158515
6399,Sep,Toyota,Urbana,Mujer,Otro,35,Sedan,Bajo,1,1,5mas,No,2023,99.40093784
6431,Sep,Toyota,Urbana,Hombre,Casado,32,Sedan,Bajo,1,1,5mas,No,2023,82.944848
6437,Sep,Mazda,Urbana,Hombre,Casado,36,Sedan,Medio,1,3,5mas,No,2023,181.1418984
6505,Sep,Toyota,Urbana,Hombre,Soltero,29,Deportivo,Bajo,1,1,5mas,No,2023,134.1366747
6526,Sep,Toyota,Urbana,Hombre,Casado,35,Sedan,Bajo,1,2,5mas,No,2023,248.4792255
6544,Sep,Accura,Rural,Hombre,Casado,29,Carga,Alto,1,3,5mas,No,2023,131.0740526
6581,Sep,Honda,Urbana,Hombre,Casado,48,Sedan,Medio,1,3,5mas,No,2023,245.0334238
6590,Sep,Chevrolet,Urbana,Mujer,Casado,39,Sedan,Bajo,1,2,5mas,No,2023,61.0253459
6595,Sep,Mazda,Urbana,Hombre,Soltero,18,Sedan,Bajo,1,1,2y,No,2023,93.16679462
6602,Sep,Toyota,Urbana,Hombre,Casado,27,Sedan,Bajo,1,4,5mas,No,2023,192.5874107
6604,Sep,Honda,Urbana,Hombre,Soltero,32,Deportivo,Alto,1,1,5mas,No,2023,26.77048547
6621,Sep,Pontiac,Rural,Hombre,Soltero,29,Sedan,Bajo,1,1,5mas,No,2023,462.3998698
6627,Sep,Chevrolet,Urbana,Hombre,Casado,48,Sedan,Alto,1,4,5mas,No,2023,94.21512786
6662,Sep,Pontiac,Urbana,Hombre,Casado,29,Sedan,Alto,1,4,5mas,No,2023,191.731957
6668,Sep,Honda,Urbana,Hombre,Soltero,30,Sedan,Bajo,1,1,5mas,No,2023,83.65289046
6681,Sep,Ford,Urbana,Hombre,Casado,63,Sedan,Alto,1,2,5mas,No,2023,30.12552627
6715,Sep,Pontiac,Urbana,Hombre,Casado,46,Sedan,Bajo,1,4,5mas,No,2023,84.22146689
6723,Sep,Honda,Urbana,Mujer,Casado,62,Sedan,Bajo,1,3,5mas,No,2023,186.0161005
6737,Sep,Pontiac,Rural,Hombre,Soltero,28,Sedan,Medio,1,2,5mas,No,2023,122.8635734
6752,Sep,Toyota,Urbana,Hombre,Casado,43,Sedan,Alto,1,3,5mas,No,2023,291.6224757
6769,Sep,Chevrolet,Rural,Hombre,Casado,57,Sedan,Alto,1,2,5mas,No,2023,166.4231707
6779,Sep,Pontiac,Urbana,Hombre,Soltero,31,Sedan,Bajo,1,1,5mas,No,2023,398.293304
6791,Sep,Pontiac,Rural,Mujer,Casado,34,Sedan,Bajo,1,1,5mas,No,2023,64.65708297
6807,Oct,VW,Urbana,Hombre,Casado,55,Sedan,Bajo,1,1,5mas,No,2023,159.239122
6810,Oct,Pontiac,Urbana,Hombre,Casado,41,Sedan,Bajo,1,3,5mas,No,2023,182.2920819
6823,Oct,Accura,Urbana,Hombre,Soltero,58,Sedan,Alto,1,2,5mas,No,2023,122.5170626
6835,Oct,Mazda,Urbana,Hombre,Casado,59,Sedan,Bajo,1,2,5mas,No,2023,399.1725873
6855,Oct,Chevrolet,Urbana,Hombre,Casado,28,Sedan,Bajo,1,2,5mas,No,2023,20.30422332
6869,Oct,Chevrolet,Urbana,Hombre,Casado,30,Sedan,Bajo,1,1,5mas,No,2023,69.71801795
6886,Oct,Mazda,Urbana,Hombre,Casado,41,Sedan,Alto,1,2,5mas,No,2023,174.1757649
6911,Oct,Accura,Urbana,Hombre,Casado,30,Carga,Alto,1,4,5mas,No,2023,106.153535
6922,Oct,Pontiac,Rural,Hombre,Casado,78,Sedan,Bajo,1,1,5mas,No,2023,55.00499403
6988,Feb,Pontiac,Urbana,Mujer,Casado,45,Sedan,Bajo,1,2,5mas,No,2023,263.9801401
6991,Oct,Saturn,Urbana,Hombre,Casado,60,Sedan,Bajo,1,4,5mas,No,2023,135.5878241
6994,Oct,Toyota,Urbana,Hombre,Soltero,30,Sedan,Bajo,1,3,5mas,No,2023,305.7173448
7019,Oct,Toyota,Urbana,Hombre,Soltero,19,Sedan,Bajo,1,1,3y,No,2023,141.5482771
7044,Oct,Mecedes,Urbana,Hombre,Casado,56,Sedan,Alto,1,3,5mas,No,2023,34.57055133
7050,Oct,Mazda,Urbana,Hombre,Casado,39,Sedan,Bajo,1,3,5mas,No,2023,307.2756462
7052,Oct,Pontiac,Urbana,Hombre,Soltero,18,Sedan,Bajo,1,4,2y,No,2023,394.280422
7053,Oct,Chevrolet,Urbana,Hombre,Soltero,49,Sedan,Alto,1,2,5mas,No,2023,141.2457371
7065,Oct,Toyota,Urbana,Hombre,Casado,51,Deportivo,Bajo,1,3,5mas,No,2023,61.70105048
7076,Oct,Pontiac,Urbana,Hombre,Soltero,27,Sedan,Bajo,1,4,5mas,No,2023,99.33681937
7107,Oct,Pontiac,Urbana,Hombre,Casado,58,Sedan,Bajo,1,3,5mas,No,2023,110.390729
7135,Oct,Saab,Rural,Hombre,Casado,34,Sedan,Medio,1,2,5mas,No,2023,228.303377
7160,Oct,Honda,Urbana,Hombre,Casado,29,Sedan,Bajo,1,4,5mas,No,2023,10.29257446
7166,Oct,Honda,Urbana,Hombre,Soltero,35,Sedan,Medio,1,3,5mas,No,2023,161.5484875
7181,Oct,Honda,Urbana,Hombre,Casado,33,Sedan,Bajo,1,2,5mas,No,2023,353.030809
7213,Oct,Chevrolet,Rural,Mujer,Casado,30,Sedan,Alto,1,3,5mas,No,2023,230.9954783
7230,Oct,Mazda,Urbana,Mujer,Casado,46,Sedan,Medio,1,3,5mas,No,2023,65.93172488
7317,Oct,Pontiac,Urbana,Hombre,Soltero,35,Sedan,Medio,1,4,5mas,No,2023,261.5870097
7325,Oct,Pontiac,Urbana,Hombre,Casado,64,Sedan,Bajo,1,1,5mas,No,2023,132.5939033
7337,Oct,Pontiac,Urbana,Hombre,Casado,42,Sedan,Alto,1,3,5mas,No,2023,67.11573
7360,Oct,Chevrolet,Urbana,Hombre,Soltero,28,Sedan,Bajo,1,4,5mas,No,2023,16.85624679
7395,Oct,Honda,Rural,Mujer,Soltero,42,Sedan,Bajo,1,3,4y,No,2023,69.39240959
7396,Nov,Mazda,Urbana,Hombre,Casado,34,Sedan,Bajo,1,4,5mas,No,2023,205.9392675
7409,Oct,Honda,Urbana,Hombre,Casado,26,Sedan,Bajo,1,2,5mas,No,2023,164.6855372
7423,Oct,Toyota,Rural,Hombre,Soltero,49,Sedan,Bajo,1,1,5mas,No,2023,385.2878675
7428,Oct,Pontiac,Urbana,Mujer,Soltero,31,Sedan,Bajo,1,3,5mas,No,2023,12.91698035
7440,Oct,Toyota,Urbana,Hombre,Soltero,27,Sedan,Bajo,1,2,5mas,No,2023,93.8240479
7461,Oct,Mazda,Urbana,Mujer,Casado,31,Sedan,Bajo,1,1,5mas,No,2023,98.49265892
7462,Oct,Mazda,Urbana,Hombre,Casado,45,Sedan,Bajo,1,1,5mas,No,2023,112.4499054
7466,Oct,Honda,Urbana,Hombre,Casado,32,Sedan,Bajo,1,4,5mas,No,2023,700.771629
7477,Oct,Toyota,Urbana,Hombre,Casado,50,Sedan,Bajo,1,4,5mas,No,2023,218.1642625
7495,Oct,Accura,Urbana,Hombre,Casado,68,Carga,Alto,1,2,5mas,No,2023,194.1029175
7499,Oct,Mazda,Urbana,Mujer,Casado,32,Sedan,Bajo,1,4,5mas,No,2023,90.99781838
7505,Oct,Pontiac,Urbana,Hombre,Casado,31,Sedan,Medio,1,3,5mas,No,2023,143.0283445
7522,Oct,Pontiac,Urbana,Hombre,Casado,29,Sedan,Bajo,1,2,5mas,No,2023,172.9475279
7523,Oct,Mazda,Urbana,Hombre,Casado,28,Sedan,Bajo,1,3,5mas,No,2023,33.49420726
7555,Oct,Accura,Urbana,Hombre,Casado,60,Carga,Alto,1,4,5mas,No,2023,183.0856191
7556,Oct,Toyota,Urbana,Hombre,Casado,59,Sedan,Bajo,1,1,5mas,No,2023,59.48861361
7559,Oct,Ford,Urbana,Hombre,Soltero,30,Sedan,Bajo,1,3,5mas,No,2023,169.4107934
7568,Oct,Pontiac,Urbana,Mujer,Casado,26,Sedan,Bajo,1,1,5mas,No,2023,270.6950445
7584,Oct,Toyota,Urbana,Mujer,Soltero,26,Deportivo,Bajo,1,3,4y,No,2023,84.97643892
7612,Oct,Mazda,Rural,Hombre,Casado,46,Sedan,Bajo,1,1,5mas,No,2023,89.32394081
7619,Oct,Honda,Rural,Hombre,Soltero,28,Sedan,Bajo,1,1,5mas,No,2023,146.3553667
7651,Feb,VW,Urbana,Hombre,Soltero,45,Sedan,Alto,1,4,5mas,No,2023,22.0391201
7660,Nov,Accura,Rural,Hombre,Casado,76,Sedan,Medio,1,3,5mas,No,2023,34.93285684
7666,Nov,Chevrolet,Urbana,Mujer,Soltero,31,Sedan,Bajo,1,2,5mas,No,2023,28.77836325
7697,Nov,Accura,Urbana,Hombre,Casado,46,Sedan,Alto,1,3,5mas,No,2023,99.52078375
7730,Nov,Pontiac,Urbana,Hombre,Casado,28,Sedan,Medio,1,1,5mas,No,2023,136.0418153
7788,Nov,Pontiac,Rural,Hombre,Casado,54,Sedan,Medio,1,1,5mas,No,2023,226.6741629
7799,Nov,Ford,Urbana,Hombre,Casado,64,Sedan,Medio,1,4,5mas,No,2023,232.0064119
7822,Nov,Chevrolet,Rural,Hombre,Soltero,29,Carga,Alto,1,2,5mas,No,2023,74.27502403
7829,Nov,Toyota,Urbana,Hombre,Casado,48,Sedan,Bajo,1,4,5mas,No,2023,210.1581424
7871,Nov,Honda,Urbana,Hombre,Soltero,36,Sedan,Bajo,1,1,5mas,No,2023,21.85807537
7872,Nov,Toyota,Rural,Hombre,Casado,53,Sedan,Bajo,1,2,4y,No,2023,354.3605894
7873,Nov,Pontiac,Urbana,Hombre,Soltero,33,Sedan,Medio,1,3,5mas,No,2023,40.48682687
7998,Nov,Mazda,Urbana,Hombre,Casado,28,Sedan,Bajo,1,3,4y,No,2023,25.90407501
8008,Dic,Toyota,Urbana,Hombre,Casado,38,Sedan,Medio,1,3,5mas,No,2023,126.3302633
8059,Nov,Accura,Urbana,Hombre,Casado,28,Sedan,Medio,1,2,5mas,No,2023,355.4332511
8092,Nov,Honda,Urbana,Hombre,Casado,50,Sedan,Bajo,1,2,5mas,No,2023,94.71594642
8098,Nov,Mazda,Urbana,Hombre,Soltero,28,Sedan,Medio,1,3,5mas,No,2023,38.64372557
8099,Nov,Toyota,Rural,Hombre,Casado,27,Sedan,Bajo,1,3,5mas,No,2023,30.69754456
8105,Nov,Saturn,Urbana,Hombre,Casado,30,Sedan,Bajo,1,1,5mas,No,2023,24.642291
8113,Nov,Pontiac,Urbana,Hombre,Soltero,28,Sedan,Bajo,1,3,5mas,No,2023,54.72939972
8167,Nov,Pontiac,Urbana,Hombre,Casado,41,Sedan,Bajo,1,4,5mas,No,2023,85.51429215
8251,Nov,Chevrolet,Urbana,Hombre,Soltero,40,Sedan,Alto,1,3,5mas,No,2023,52.1518552
8253,Nov,Ford,Rural,Hombre,Soltero,37,Carga,Alto,1,4,5mas,No,2023,24.01674158
8290,Nov,Mazda,Urbana,Hombre,Casado,31,Sedan,Medio,1,4,5mas,No,2023,134.2085617
8311,Nov,Pontiac,Urbana,Hombre,Casado,45,Sedan,Bajo,1,2,4y,No,2023,116.2539478
8314,Nov,Pontiac,Urbana,Hombre,Casado,35,Sedan,Bajo,1,4,5mas,No,2023,113.437216
8335,Dic,Toyota,Urbana,Hombre,Casado,44,Deportivo,Alto,1,2,5mas,No,2023,456.1381626
8353,Dic,Honda,Urbana,Mujer,Casado,41,Sedan,Bajo,1,3,5mas,No,2023,45.8125846
8363,Dic,Toyota,Urbana,Hombre,Casado,40,Sedan,Bajo,1,3,5mas,No,2023,263.5106091
8365,Ago,Toyota,Urbana,Hombre,Casado,37,Sedan,Bajo,1,3,5mas,No,2023,162.9354528
8367,Dic,Chevrolet,Urbana,Hombre,Soltero,32,Carga,Alto,1,2,5mas,No,2023,84.15051607
8378,Dic,Pontiac,Urbana,Hombre,Casado,31,Sedan,Medio,1,2,5mas,No,2023,70.24000635
8454,Dic,Toyota,Urbana,Hombre,Casado,64,Sedan,Medio,1,1,5mas,No,2023,13.78905017
8459,Dic,Pontiac,Urbana,Hombre,Soltero,57,Sedan,Medio,1,3,5mas,No,2023,180.3209013
8466,Dic,Pontiac,Urbana,Mujer,Casado,30,Sedan,Bajo,1,3,5mas,No,2023,113.0136526
8487,Dic,Honda,Urbana,Hombre,Soltero,22,Sedan,Bajo,1,3,3y,No,2023,207.7844813
8496,Dic,Pontiac,Rural,Hombre,Casado,59,Sedan,Bajo,1,2,5mas,No,2023,81.11235952
8512,Dic,Honda,Urbana,Hombre,Casado,51,Deportivo,Alto,1,3,5mas,No,2023,209.1699889
8521,Dic,Mazda,Urbana,Hombre,Casado,50,Sedan,Medio,1,1,5mas,No,2023,13.67213999
8522,Dic,Mazda,Urbana,Mujer,Casado,33,Deportivo,Bajo,1,1,5mas,No,2023,150.1795432
8568,Dic,Mazda,Urbana,Hombre,Casado,39,Sedan,Bajo,1,3,5mas,No,2023,184.3606262
8573,Dic,Pontiac,Urbana,Hombre,Soltero,28,Sedan,Medio,1,3,5mas,No,2023,38.45739451
8592,Dic,Accura,Urbana,Hombre,Casado,52,Sedan,Medio,1,2,5mas,No,2023,153.6044049
8604,Dic,Toyota,Urbana,Hombre,Soltero,35,Sedan,Bajo,1,3,5mas,No,2023,72.84723698
8605,Dic,Pontiac,Urbana,Hombre,Casado,29,Sedan,Medio,1,1,5mas,No,2023,42.24854818
8614,Dic,Honda,Urbana,Hombre,Casado,47,Sedan,Bajo,1,2,5mas,No,2023,287.6572117
8630,Dic,Chevrolet,Urbana,Hombre,Casado,67,Sedan,Medio,1,3,5mas,No,2023,169.4569144
8635,Dic,Pontiac,Rural,Hombre,Casado,43,Sedan,Bajo,1,1,5mas,No,2023,194.860362
8649,Dic,Toyota,Urbana,Hombre,Casado,47,Deportivo,Medio,1,4,5mas,No,2023,25.94304442
8666,Dic,Accura,Urbana,Hombre,Soltero,33,Sedan,Medio,1,4,5mas,No,2023,114.0702053
8680,Dic,Pontiac,Urbana,Hombre,Casado,49,Sedan,Bajo,1,2,5mas,No,2023,107.5177885
8692,Dic,Accura,Urbana,Hombre,Soltero,36,Carga,Alto,1,1,5mas,No,2023,161.345936
8694,Dic,Toyota,Urbana,Mujer,Casado,26,Sedan,Medio,1,2,5mas,No,2023,115.5834849
8703,Dic,Pontiac,Urbana,Hombre,Casado,34,Sedan,Bajo,1,1,5mas,No,2023,90.6396049
8704,Dic,Saab,Urbana,Hombre,Soltero,34,Sedan,Medio,1,2,5mas,No,2023,80.92646976
8715,Dic,Toyota,Urbana,Hombre,Soltero,22,Deportivo,Bajo,1,3,4y,No,2023,114.1435024
8748,Dic,Toyota,Urbana,Mujer,Casado,37,Sedan,Bajo,1,3,5mas,No,2023,130.0946234
8770,Dic,Pontiac,Urbana,Hombre,Casado,44,Sedan,Bajo,1,4,5mas,No,2023,244.8338608
8785,Dic,Toyota,Urbana,Hombre,Casado,46,Sedan,Alto,1,4,5mas,No,2023,45.5916962
8831,Dic,Honda,Urbana,Hombre,Casado,47,Sedan,Bajo,1,1,5mas,No,2023,79.50492039
8846,Dic,Pontiac,Urbana,Hombre,Soltero,22,Sedan,Bajo,1,4,5mas,No,2023,164.4802163
8855,Dic,Pontiac,Urbana,Hombre,Casado,38,Sedan,Bajo,1,4,5mas,No,2023,196.8795369
8874,Dic,Toyota,Urbana,Hombre,Soltero,27,Sedan,Bajo,1,2,5mas,No,2023,305.884155
8876,Dic,Honda,Urbana,Hombre,Casado,46,Deportivo,Alto,1,4,5mas,No,2023,98.44613895
8878,Dic,Pontiac,Rural,Hombre,Casado,32,Sedan,Bajo,1,1,5mas,No,2023,63.71780297
8960,Dic,Toyota,Urbana,Hombre,Casado,26,Sedan,Bajo,1,4,4y,No,2023,56.1810485
8964,Dic,Honda,Urbana,Hombre,Casado,62,Sedan,Bajo,1,1,4y,No,2023,101.1584161
9007,Dic,Pontiac,Rural,Hombre,Casado,34,Sedan,Bajo,1,2,5mas,No,2023,160.1463339
9038,Ene,Honda,Urbana,Hombre,Soltero,22,Deportivo,Alto,1,1,5mas,No,2023,141.7901467
9051,Ene,Honda,Urbana,Mujer,Casado,29,Sedan,Alto,1,3,5mas,No,2023,48.51906289
9056,Ene,Pontiac,Urbana,Mujer,Casado,43,Sedan,Bajo,1,2,5mas,No,2023,335.8533188
9071,Ene,Toyota,Urbana,Hombre,Soltero,47,Sedan,Bajo,1,1,5mas,No,2023,273.7008724
9088,Ene,Mazda,Urbana,Mujer,Soltero,28,Sedan,Bajo,1,3,5mas,No,2023,102.6026261
9107,Ene,Honda,Urbana,Hombre,Casado,29,Sedan,Bajo,1,1,5mas,No,2023,113.5301901
9111,Ene,Toyota,Rural,Hombre,Casado,29,Sedan,Bajo,1,1,5mas,No,2023,316.6920629
9128,Ene,Mazda,Urbana,Hombre,Casado,40,Sedan,Medio,1,3,5mas,No,2023,204.0977529
9138,Ene,Saab,Urbana,Hombre,Casado,45,Sedan,Medio,1,2,5mas,No,2023,258.7289673
9141,Ene,Toyota,Urbana,Hombre,Casado,49,Sedan,Bajo,1,4,5mas,No,2023,148.2166835
9143,Ene,Accura,Urbana,Hombre,Casado,64,Sedan,Medio,1,3,5mas,No,2023,17.84953874
9144,Ene,Honda,Urbana,Hombre,Casado,38,Sedan,Bajo,1,1,5mas,No,2023,257.0461224
9153,Ene,Pontiac,Rural,Hombre,Casado,54,Sedan,Bajo,1,2,5mas,No,2023,112.9279465
9162,Ene,Accura,Urbana,Hombre,Soltero,38,Sedan,Alto,1,4,5mas,No,2023,267.3295282
9176,Ene,Pontiac,Urbana,Hombre,Casado,32,Sedan,Bajo,1,3,5mas,No,2023,339.1143381
9181,Ene,Honda,Urbana,Hombre,Soltero,33,Sedan,Bajo,1,1,5mas,No,2023,167.9408325
9204,Ene,Pontiac,Urbana,Hombre,Casado,35,Sedan,Bajo,1,2,5mas,No,2023,85.8369572
9211,Ene,Pontiac,Urbana,Hombre,Casado,26,Sedan,Bajo,1,4,5mas,No,2023,238.4732932
9220,Ene,Honda,Rural,Hombre,Casado,32,Deportivo,Alto,1,3,5mas,No,2023,286.5006126
9247,Ene,Chevrolet,Urbana,Hombre,Casado,32,Sedan,Bajo,1,3,5mas,No,2023,202.2573983
9263,Ene,Mazda,Urbana,Hombre,Casado,53,Sedan,Medio,1,2,5mas,No,2023,352.7903438
9269,Ene,Ford,Urbana,Hombre,Casado,50,Sedan,Bajo,1,2,5mas,No,2023,196.9343333
9270,Ene,Pontiac,Urbana,Mujer,Casado,33,Sedan,Bajo,1,4,5mas,No,2023,104.5943603
9283,Ene,Toyota,Urbana,Hombre,Soltero,32,Sedan,Bajo,1,1,5mas,No,2023,87.53541309
9288,Ene,Chevrolet,Urbana,Hombre,Casado,44,Sedan,Medio,1,3,5mas,No,2023,24.73011035
9293,Ene,Pontiac,Urbana,Hombre,Soltero,44,Sedan,Bajo,1,4,5mas,No,2023,158.4793516
9300,Ene,Mazda,Urbana,Hombre,Casado,35,Sedan,Bajo,1,1,5mas,No,2023,277.8513347
9309,Ene,Mazda,Urbana,Hombre,Casado,35,Sedan,Bajo,1,2,5mas,No,2023,108.0999266
9351,Ene,Pontiac,Urbana,Hombre,Casado,26,Sedan,Bajo,1,2,5mas,No,2023,513.3648066
9352,Ene,Chevrolet,Urbana,Hombre,Casado,46,Carga,Alto,1,3,5mas,No,2023,175.5698958
9434,Ene,Toyota,Urbana,Hombre,Casado,27,Sedan,Bajo,1,3,5mas,No,2023,171.4940992
9440,Ene,Honda,Urbana,Hombre,Casado,72,Sedan,Bajo,1,3,5mas,No,2023,103.4243366
9461,Ene,Chevrolet,Rural,Hombre,Casado,29,Sedan,Medio,1,1,5mas,No,2023,307.5740786
9484,Ene,Chevrolet,Urbana,Mujer,Casado,49,Sedan,Bajo,1,1,5mas,No,2023,332.1914237
9510,Ene,Toyota,Urbana,Hombre,Casado,38,Deportivo,Medio,1,2,5mas,No,2023,225.5839536
9519,Ene,Toyota,Urbana,Hombre,Casado,32,Sedan,Bajo,1,2,5mas,No,2023,46.27062776
9563,Ene,Toyota,Urbana,Hombre,Casado,65,Sedan,Bajo,1,4,5mas,No,2023,109.8148952
9614,Ene,Pontiac,Urbana,Mujer,Soltero,26,Sedan,Bajo,1,2,5mas,No,2023,211.1757314
9670,Ene,Honda,Urbana,Hombre,Casado,37,Deportivo,Alto,1,4,5mas,No,2023,115.4040092
9691,Dic,Honda,Urbana,Hombre,Casado,29,Sedan,Bajo,1,1,4y,No,2023,409.0741636
9809,Feb,Toyota,Urbana,Hombre,Casado,51,Sedan,Bajo,1,3,5mas,No,2023,42.26849124
9814,Feb,Chevrolet,Urbana,Hombre,Casado,26,Sedan,Medio,1,4,5mas,No,2023,278.8065515
9842,Feb,Honda,Urbana,Hombre,Casado,76,Deportivo,Alto,1,2,5mas,No,2023,331.8058268
9850,Feb,Pontiac,Rural,Hombre,Casado,27,Sedan,Medio,1,3,5mas,No,2023,87.49103328
9867,Feb,Mazda,Urbana,Hombre,Casado,44,Sedan,Alto,1,1,5mas,No,2023,735.2034645
9873,Feb,Mazda,Urbana,Hombre,Casado,29,Sedan,Bajo,1,1,5mas,No,2023,136.8599777
9874,Feb,Pontiac,Urbana,Mujer,Soltero,32,Sedan,Bajo,1,3,5mas,No,2023,111.4295469
9880,Feb,Honda,Urbana,Hombre,Casado,28,Sedan,Medio,1,3,5mas,No,2023,294.0448799
9923,Feb,Mazda,Urbana,Hombre,Casado,36,Sedan,Bajo,1,4,5mas,No,2023,227.1577641
9929,Feb,Toyota,Urbana,Mujer,Soltero,32,Sedan,Bajo,1,3,5mas,No,2023,325.4649439
9946,Nov,Ford,Urbana,Hombre,Casado,30,Sedan,Medio,1,4,5mas,No,2023,89.32168298
9947,Feb,Honda,Urbana,Mujer,Casado,34,Sedan,Bajo,1,1,5mas,No,2023,51.24622418
9986,Feb,Ford,Urbana,Hombre,Casado,51,Carga,Alto,1,2,5mas,No,2023,333.5216304
9997,Feb,Pontiac,Urbana,Hombre,Soltero,30,Sedan,Bajo,1,2,5mas,No,2023,96.07078136
10016,Feb,Toyota,Urbana,Mujer,Casado,33,Sedan,Alto,1,3,5mas,No,2023,195.9938397
10031,Feb,Toyota,Urbana,Hombre,Casado,72,Sedan,Bajo,1,2,5mas,No,2023,135.3608156
10032,Feb,Toyota,Urbana,Hombre,Soltero,27,Sedan,Bajo,1,2,5mas,No,2023,391.8577137
10088,Feb,Honda,Urbana,Hombre,Soltero,35,Sedan,Bajo,1,4,5mas,No,2023,253.9173765
10089,Feb,Mazda,Urbana,Hombre,Casado,64,Sedan,Medio,1,2,5mas,No,2023,365.4922431
10101,Feb,Mazda,Rural,Hombre,Casado,35,Sedan,Bajo,1,2,5mas,No,2023,59.40925331
10117,Feb,Honda,Urbana,Hombre,Soltero,0,Carga,Alto,1,1,0y,No,2023,107.3966088
10125,Feb,Pontiac,Urbana,Hombre,Soltero,36,Carga,Medio,1,2,5mas,No,2023,104.523745
10150,Feb,Pontiac,Urbana,Hombre,Casado,69,Sedan,Bajo,1,1,5mas,No,2023,94.40491055
10154,Feb,Pontiac,Urbana,Hombre,Casado,49,Sedan,Bajo,1,1,5mas,No,2023,83.96013027
10156,Feb,Pontiac,Urbana,Hombre,Soltero,41,Sedan,Alto,1,3,5mas,No,2023,46.17593186
10157,Feb,Honda,Urbana,Hombre,Casado,35,Deportivo,Alto,1,4,5mas,No,2023,70.5748864
10184,Feb,Accura,Urbana,Hombre,Casado,61,Sedan,Medio,1,4,5mas,No,2023,108.7832091
10223,Feb,Honda,Urbana,Hombre,Casado,63,Deportivo,Alto,1,1,5mas,No,2023,298.358186
10224,Feb,Pontiac,Rural,Hombre,Casado,38,Sedan,Medio,1,4,5mas,No,2023,28.55401303
10252,Feb,Pontiac,Urbana,Hombre,Casado,35,Sedan,Bajo,1,1,5mas,No,2023,5.019692684
10255,Feb,Pontiac,Urbana,Hombre,Soltero,29,Sedan,Bajo,1,2,5mas,No,2023,160.8906812
10260,Feb,Toyota,Urbana,Hombre,Casado,41,Sedan,Bajo,1,1,5mas,No,2023,59.02424802
10261,Feb,Pontiac,Urbana,Hombre,Casado,41,Carga,Alto,1,2,5mas,No,2023,427.9295019
10289,Feb,Honda,Urbana,Hombre,Casado,33,Sedan,Bajo,1,4,5mas,No,2023,127.3307239
10292,Feb,Mazda,Urbana,Hombre,Soltero,68,Sedan,Bajo,1,1,5mas,No,2023,136.8768789
10336,Feb,Honda,Urbana,Hombre,Casado,36,Sedan,Bajo,1,1,5mas,No,2023,22.39651741
10340,Feb,Honda,Urbana,Mujer,Casado,34,Sedan,Bajo,1,4,5mas,No,2023,52.90381271
10344,Feb,Toyota,Urbana,Mujer,Soltero,25,Sedan,Bajo,1,1,5mas,No,2023,86.3119673
10358,Feb,Mercury,Rural,Hombre,Soltero,22,Deportivo,Bajo,1,2,5mas,No,2023,114.8976237
10385,Feb,Honda,Urbana,Hombre,Soltero,18,Deportivo,Alto,1,2,5mas,No,2023,86.30924633
10389,Feb,Mazda,Urbana,Hombre,Casado,63,Deportivo,Alto,1,4,5mas,No,2023,218.6916531
10393,Feb,Mazda,Rural,Hombre,Soltero,30,Sedan,Bajo,1,3,5mas,No,2023,66.11544858
10413,Feb,Honda,Urbana,Hombre,Casado,44,Sedan,Bajo,1,3,5mas,No,2023,88.68588821
10415,Feb,Mazda,Urbana,Hombre,Soltero,34,Sedan,Bajo,1,2,5mas,No,2023,146.8116734
10440,Mar,Pontiac,Rural,Mujer,Casado,54,Sedan,Bajo,1,2,5mas,No,2023,49.38050275
10442,Mar,Mazda,Urbana,Mujer,Soltero,30,Sedan,Bajo,1,2,5mas,No,2023,42.14795323
10443,Mar,Mazda,Urbana,Hombre,Casado,35,Sedan,Bajo,1,3,5mas,No,2023,246.4668167
10447,Mar,Toyota,Urbana,Hombre,Casado,60,Sedan,Bajo,1,1,5mas,No,2023,314.1704432
10510,Mar,Honda,Urbana,Mujer,Soltero,32,Deportivo,Alto,1,3,5mas,No,2023,123.7948898
10521,Mar,Mazda,Urbana,Hombre,Casado,41,Deportivo,Alto,1,3,5mas,No,2023,161.3084888
10530,Mar,Pontiac,Urbana,Hombre,Casado,45,Deportivo,Bajo,1,2,5mas,No,2023,94.96531358
10557,Mar,VW,Urbana,Mujer,Soltero,40,Sedan,Bajo,1,1,5mas,No,2023,67.41566598
10630,Mar,Toyota,Urbana,Hombre,Casado,45,Sedan,Bajo,1,3,5mas,No,2023,260.2215469
10643,Mar,Honda,Urbana,Hombre,Casado,53,Sedan,Medio,1,1,5mas,No,2023,175.6356029
10668,Mar,Honda,Urbana,Hombre,Casado,35,Deportivo,Alto,1,4,5mas,No,2023,213.3401937
10692,Mar,Honda,Urbana,Hombre,Soltero,33,Sedan,Bajo,1,3,5mas,No,2023,62.20398743
10699,Mar,Pontiac,Urbana,Mujer,Casado,36,Sedan,Medio,1,4,5mas,No,2023,11.90127468
10703,Mar,Toyota,Urbana,Hombre,Casado,39,Sedan,Bajo,1,3,5mas,No,2023,167.2355887
10704,Mar,Accura,Urbana,Hombre,Casado,46,Sedan,Alto,1,3,5mas,No,2023,144.0787699
10711,May,Pontiac,Urbana,Mujer,Soltero,31,Sedan,Bajo,1,4,5mas,No,2023,49.17269805
10725,Mar,Accura,Urbana,Hombre,Casado,46,Sedan,Alto,1,3,5mas,No,2023,117.9176414
10733,Mar,Pontiac,Urbana,Hombre,Soltero,26,Sedan,Bajo,1,2,5mas,No,2023,226.5727766
10749,Mar,Toyota,Urbana,Hombre,Casado,39,Sedan,Bajo,1,4,5mas,No,2023,40.87391309
10772,Mar,Mazda,Urbana,Hombre,Casado,40,Sedan,Alto,1,4,5mas,No,2023,150.290842
10838,Mar,Honda,Urbana,Hombre,Soltero,53,Sedan,Bajo,1,1,5mas,No,2023,159.9849036
10846,Mar,Honda,Urbana,Hombre,Casado,41,Sedan,Bajo,1,3,5mas,No,2023,131.33688
10851,Mar,Chevrolet,Rural,Hombre,Casado,28,Sedan,Bajo,1,1,5mas,No,2023,129.3756627
10874,Mar,Accura,Urbana,Hombre,Casado,36,Sedan,Alto,1,1,5mas,No,2023,52.68770891
10877,Mar,Ford,Rural,Hombre,Casado,55,Carga,Alto,1,4,5mas,No,2023,190.0966688
10879,Mar,Honda,Urbana,Hombre,Casado,35,Sedan,Bajo,1,1,5mas,No,2023,63.84584333
10890,Mar,Mazda,Urbana,Hombre,Soltero,51,Sedan,Alto,1,1,5mas,No,2023,102.7422381
10896,Mar,Pontiac,Urbana,Hombre,Casado,53,Sedan,Alto,1,1,5mas,No,2023,201.3106125
10900,Mar,Accura,Urbana,Hombre,Casado,26,Carga,Alto,1,3,5mas,No,2023,224.0335271
10904,Mar,Mazda,Urbana,Hombre,Casado,36,Sedan,Medio,1,3,5mas,No,2023,175.4218035
10917,Mar,Honda,Rural,Hombre,Casado,51,Sedan,Medio,1,1,3y,No,2023,42.8305521
10928,Mar,Mazda,Urbana,Hombre,Casado,27,Sedan,Bajo,1,3,5mas,No,2023,28.9267769
10931,Mar,Toyota,Urbana,Hombre,Casado,60,Sedan,Medio,1,4,5mas,No,2023,58.30544094
10933,Mar,Mazda,Urbana,Hombre,Casado,58,Sedan,Bajo,1,3,5mas,No,2023,176.6246422
11001,Mar,Honda,Urbana,Hombre,Soltero,25,Deportivo,Alto,1,3,5mas,No,2023,132.2730163
11014,Mar,Chevrolet,Urbana,Hombre,Soltero,45,Sedan,Medio,1,2,5mas,No,2023,105.0044205
11023,Mar,Chevrolet,Urbana,Hombre,Casado,31,Sedan,Bajo,1,4,5mas,No,2023,77.8371658
11034,Mar,Pontiac,Urbana,Hombre,Casado,64,Carga,Alto,1,4,5mas,No,2023,171.9885607
11070,Mar,Chevrolet,Urbana,Hombre,Soltero,32,Sedan,Medio,1,1,5mas,No,2023,236.6355561
11079,Mar,Mazda,Urbana,Hombre,Casado,28,Sedan,Bajo,1,4,5mas,No,2023,145.591895
11087,Mar,Accura,Urbana,Hombre,Casado,49,Sedan,Medio,1,1,5mas,No,2023,233.0593561
11105,Mar,Mazda,Urbana,Hombre,Soltero,25,Sedan,Bajo,1,4,5mas,No,2023,115.0002255
11114,Mar,Accura,Urbana,Hombre,Casado,34,Carga,Alto,1,2,5mas,No,2023,129.0331749
11119,Dic,Chevrolet,Rural,Mujer,Soltero,33,Sedan,Alto,1,3,5mas,No,2023,161.7990985
11122,Mar,Pontiac,Urbana,Hombre,Soltero,41,Sedan,Bajo,1,1,5mas,No,2023,275.5717528
11124,Mar,Pontiac,Urbana,Mujer,Soltero,37,Sedan,Bajo,1,4,5mas,No,2023,45.69116129
11140,Mar,Pontiac,Urbana,Hombre,Casado,39,Sedan,Bajo,1,3,5mas,No,2023,167.1584585
11177,Abr,Mazda,Urbana,Hombre,Casado,62,Sedan,Bajo,1,1,5mas,No,2023,113.0681533
11186,Abr,Pontiac,Urbana,Hombre,Casado,28,Sedan,Bajo,1,3,5mas,No,2023,124.5193725
11189,Abr,Toyota,Urbana,Hombre,Casado,50,Sedan,Bajo,1,2,5mas,No,2023,314.5281239
11211,Abr,Honda,Rural,Hombre,Soltero,28,Sedan,Bajo,1,1,5mas,No,2023,169.7678938
11262,Abr,Toyota,Urbana,Hombre,Casado,72,Sedan,Bajo,1,1,5mas,No,2023,17.94778745
11267,Abr,Ford,Urbana,Hombre,Soltero,40,Sedan,Medio,1,1,5mas,No,2023,159.9365588
11290,Abr,Pontiac,Urbana,Hombre,Casado,48,Carga,Alto,1,1,5mas,No,2023,364.7254009
11297,Abr,Chevrolet,Rural,Hombre,Casado,54,Sedan,Alto,1,2,5mas,No,2023,88.96162688
11313,Abr,Chevrolet,Urbana,Hombre,Casado,33,Sedan,Alto,1,3,5mas,No,2023,85.08866961
11331,Abr,Honda,Urbana,Hombre,Soltero,16,Deportivo,Alto,1,2,4y,No,2023,255.6363354
